<?xml version="1.0" encoding="UTF-8"?>
<project-private xmlns="http://www.netbeans.org/ns/project-private/1">
    <editor-bookmarks xmlns="http://www.netbeans.org/ns/editor-bookmarks/2" lastBookmarkId="0"/>
    <open-files xmlns="http://www.netbeans.org/ns/projectui-open-files/2">
        <group>
            <file>file:/D:/Uni/third%20year/Advance%20analysis%20and%20design/code%20fro%20aad/UllrSystems/UllrSystems/src/java/Accounts/User.java</file>
            <file>file:/D:/Uni/third%20year/Advance%20analysis%20and%20design/code%20fro%20aad/UllrSystems/UllrSystems/src/java/Databasing/SQLInterfacing.java</file>
            <file>file:/D:/Uni/third%20year/Advance%20analysis%20and%20design/code%20fro%20aad/UllrSystems/UllrSystems/src/java/Accounts/CreateUser.java</file>
            <file>file:/D:/Uni/third%20year/Advance%20analysis%20and%20design/code%20fro%20aad/UllrSystems/UllrSystems/nbproject/build-impl.xml~</file>
            <file>file:/D:/Uni/third%20year/Advance%20analysis%20and%20design/code%20fro%20aad/UllrSystems/UllrSystems/src/java/Accounts/LoginUser.java</file>
        </group>
    </open-files>
</project-private>
